REF,Nombre,Categoria,Precio [Emprendi2 Colectivo],En inventario [Emprendi2 Colectivo]
MDN0071,Afnan 9pm,Mundo Decants,220,5
MDN0069,Afnan 9pm Rebel,Mundo Decants,255,0
MDN0093,Ari Ariana Grande,Mundo Decants,275,3
MDN0103,Armaf Club De Nuit Untold,Mundo Decants,240,0
MDN0120,Armaf Odyssey Limoni,Mundo Decants,240,6
MDN0077,Armaf Odyssey Mandarin Sky,Mundo Decants,220,4
MDN0169,Azzaro The Most Wanted Parfum EDP,Mundo Decants,450,10
MDN0011,BDK Parfums Citrus Riviera,Mundo Decants,510,0
MDN0009,BDK Parfums Gris Charnel EDP,Mundo Decants,550,0
MDN0013,BDK Parfums Sel dÂ´Argent,Mundo Decants,510,2
MDN0170,Bentley Intense EDP,Mundo Decants,275,3
MDN0150,Bolsas resellables (docena),Mundo Decants,120,5
MDN0161,Burberry Her EDP,Mundo Decants,435,2
MDN0085,Burberry Her Elixir,Mundo Decants,240,0
MDN0163,By the Fireplace Replica,Mundo Decants,450,4
MDN0136,Club de Nuit Urban Man Elixir,Mundo Decants,240,4
MDN0139,Creed Virgin Island Water,Mundo Decants,700,1
MDN0164,Dispensadores (docena),Mundo Decants,250,1
MDN0165,Dispensadores Unidad,Mundo Decants,30,11
MDN0043,Dolce&Gabbana Light Blue Forever,Mundo Decants,435,1
MDN0047,Dolce&Gabbana Light Blue Intense,Mundo Decants,275,4
MDN0045,Dolce&Gabbana Light Blue Italian Love,Mundo Decants,435,0
MDN0167,Dolce&Gabbana The One EDP,Mundo Decants,355,6
MDN0027,Emporio Armani Stronger With You Absolutely,Mundo Decants,435,9
MDN0025,Emporio Armani Stronger With You Intensly,Mundo Decants,400,2
MDN0159,Frascos 10ml (docena),Mundo Decants,550,6
MDN0148,Frascos 5ml (docena),Mundo Decants,450,5
MDN0158,frascos de 10ml,Mundo Decants,80,25
MDN0111,Frascos Vacios 5ml,Mundo Decants,60,36
MDN0112,Frascos Vacios Negros 8ml,Mundo Decants,250,3
MDN0124,French Avenue Azzure Aoud,Mundo Decants,255,3
MDN0041,Giorgio Armani Acqua di GioÌ Profondo,Mundo Decants,355,0
MDN0173,Givenchy Reserve PriveÌe,Mundo Decants,435,4
MDN0015,Goldfield & Banks Bohemian Lime,Mundo Decants,510,0
MDN0055,Guerlain Paris LÂ´Homme Ideal EDP,Mundo Decants,355,0
MDN0172,Hawas Eclat,Mundo Decants,275,8
MDN0155,Hawas for Him,Mundo Decants,2200,0
MDN0160,Hawas Kobra,Mundo Decants,275,2
MDN0162,Jazz Club Replica,Mundo Decants,450,9
MDN0029,Jean Paul Gaultier Le Beau Le Parfum,Mundo Decants,400,6
MDN0033,Jean Paul Gaultier Le Male Elixir,Mundo Decants,400,0
MDN0031,Jean Paul Gaultier Le Male Le Parfum,Mundo Decants,355,1
MDN0087,Jean Paul Gaultier Scandal Le Parfum,Mundo Decants,435,0
MDN0110,Jeringas con Boquilla,Mundo Decants,50,3
MDN0152,Jeringas con Boquilla (paquete),Mundo Decants,300,1
MDN0057,Jesus Del Pozo Halloween Man X,Mundo Decants,220,4
MDN0130,Jo Milano Game of Spades Blind Bid,Mundo Decants,355,0
MDN0114,Jo Milano Game of Spades Wildcard,Mundo Decants,355,3
MDN0083,Lattafa Honor & Glory,Mundo Decants,240,3
MDN0122,Lattafa Khamrah Dukhan,Mundo Decants,275,4
MDN0073,Lattafa Khamrah Qahwa,Mundo Decants,240,0
MDN0097,Lattafa Yara Candy,Mundo Decants,275,2
MDN0021,Mancera Amore CaffeÌ,Mundo Decants,360,12
MDN0019,Mancera Cedrat Boise EDP,Mundo Decants,360,0
MDN0017,Mancera Red Tobbaco,Mundo Decants,375,4
MDN0051,Montblanc Explorer,Mundo Decants,315,5
MDN0053,Montblanc Explorer Platinum,Mundo Decants,275,0
MDN0049,Montblanc Legend Spirit,Mundo Decants,240,6
MDN0095,Moschino Toy 2 Bubble Gum,Mundo Decants,275,6
MDN0007,Parfums de Marly Layton,Mundo Decants,590,5
MDN0156,Parfums de Marly Sandley,Mundo Decants,590,0
MDN0099,Paris Corner Khair Confection,Mundo Decants,240,0
MDN0101,Paris Corner Khair Pistachio,Mundo Decants,240,9
MDN0089,Prada Paradoxe EDP,Mundo Decants,475,0
MDN0116,Prada Prada L'Homme,Mundo Decants,400,3
MDN0128,Rabanne Fame Intense,Mundo Decants,355,5
MDN0118,Rasasi Hawas Black,Mundo Decants,275,6
MDN0067,Rasasi Hawas Fire,Mundo Decants,275,2
MDN0063,Rasasi Hawas For Him,Mundo Decants,240,10
MDN0065,Rasasi Hawas Ice,Mundo Decants,275,0
MDN0037,Valentino Born in Roma EDT,Mundo Decants,400,6
MDN0113,Valentino Born in Roma Intense,Mundo Decants,470,7
MDN0035,Valentino Coral Fantasy,Mundo Decants,435,9
MDN0174,Valentino Donna Born in Roma Intense,Mundo Decants,450,4
MDN0126,Valentino Donna Coral Fantasy,Mundo Decants,475,0
MDN0039,Valentino Uomo Intense,Mundo Decants,400,3
MDN0134,Versace Eros Flame,Mundo Decants,400,6
MDN0171,Vulcan Feu French Avenue,Mundo Decants,275,8
MDN0168,Xerjoff Erba Gold,Mundo Decants,650,0
MDN0005,Xerjoff Erba Pura,Mundo Decants,630,5
MDN0003,Xerjoff Naxos 1861,Mundo Decants,630,2
MDN0001,Xerjoff Torino 21,Mundo Decants,670,4
MDN0091,Yves Saint Laurent Black Opium OverRed,Mundo Decants,475,0
MDN0166,Yves Saint Laurent Myself EDP,Mundo Decants,450,3
MDN0157,Yves Saint Laurent Y EDP,Mundo Decants,400,6
MDN0132,Zimaya Tiramisu Caramel,Mundo Decants,275,7
